-- MySQL dump 10.13  Distrib 8.0.43, for Linux (x86_64)
--
-- Host: localhost    Database: lookey
-- ------------------------------------------------------
-- Server version	8.0.43

/*!40101 SET @OLD_CHARACTER_SET_CLIENT=@@CHARACTER_SET_CLIENT */;
/*!40101 SET @OLD_CHARACTER_SET_RESULTS=@@CHARACTER_SET_RESULTS */;
/*!40101 SET @OLD_COLLATION_CONNECTION=@@COLLATION_CONNECTION */;
/*!50503 SET NAMES utf8mb4 */;
/*!40103 SET @OLD_TIME_ZONE=@@TIME_ZONE */;
/*!40103 SET TIME_ZONE='+00:00' */;
/*!40014 SET @OLD_UNIQUE_CHECKS=@@UNIQUE_CHECKS, UNIQUE_CHECKS=0 */;
/*!40014 SET @OLD_FOREIGN_KEY_CHECKS=@@FOREIGN_KEY_CHECKS, FOREIGN_KEY_CHECKS=0 */;
/*!40101 SET @OLD_SQL_MODE=@@SQL_MODE, SQL_MODE='NO_AUTO_VALUE_ON_ZERO' */;
/*!40111 SET @OLD_SQL_NOTES=@@SQL_NOTES, SQL_NOTES=0 */;

--
-- Current Database: `lookey`
--

CREATE DATABASE /*!32312 IF NOT EXISTS*/ `lookey` /*!40100 DEFAULT CHARACTER SET utf8mb4 COLLATE utf8mb4_unicode_ci */ /*!80016 DEFAULT ENCRYPTION='N' */;

USE `lookey`;

--
-- Table structure for table `allergy`
--

DROP TABLE IF EXISTS `allergy`;
/*!40101 SET @saved_cs_client     = @@character_set_client */;
/*!50503 SET character_set_client = utf8mb4 */;
CREATE TABLE `allergy` (
  `user_id` int NOT NULL,
  `allergy_id` bigint NOT NULL,
  `created_at` datetime(6) NOT NULL,
  `id` bigint NOT NULL AUTO_INCREMENT,
  PRIMARY KEY (`id`),
  UNIQUE KEY `UQ_ALLERGY_USER_ALLERGYLIST` (`user_id`,`allergy_id`),
  KEY `FK9d34kjpgsjn0x2byigc92wrdq` (`allergy_id`),
  CONSTRAINT `FK9d34kjpgsjn0x2byigc92wrdq` FOREIGN KEY (`allergy_id`) REFERENCES `allergy_list` (`id`),
  CONSTRAINT `FKgjkeb2yi47eh1l8h0tmeycdhh` FOREIGN KEY (`user_id`) REFERENCES `user` (`id`)
) ENGINE=InnoDB AUTO_INCREMENT=44 DEFAULT CHARSET=utf8mb4 COLLATE=utf8mb4_unicode_ci;
/*!40101 SET character_set_client = @saved_cs_client */;

--
-- Dumping data for table `allergy`
--

LOCK TABLES `allergy` WRITE;
/*!40000 ALTER TABLE `allergy` DISABLE KEYS */;
INSERT INTO `allergy` VALUES (3,2,'2025-09-19 10:54:54.313343',1),(6,6,'2025-09-20 16:16:59.159359',20),(2,2,'2025-09-24 16:55:36.158239',38),(1,2,'2025-09-25 10:46:31.395849',42),(1,16,'2025-09-25 13:37:37.513538',43);
/*!40000 ALTER TABLE `allergy` ENABLE KEYS */;
UNLOCK TABLES;

--
-- Table structure for table `allergy_list`
--

DROP TABLE IF EXISTS `allergy_list`;
/*!40101 SET @saved_cs_client     = @@character_set_client */;
/*!50503 SET character_set_client = utf8mb4 */;
CREATE TABLE `allergy_list` (
  `id` bigint NOT NULL AUTO_INCREMENT,
  `name` varchar(50) COLLATE utf8mb4_unicode_ci NOT NULL,
  PRIMARY KEY (`id`)
) ENGINE=InnoDB AUTO_INCREMENT=17 DEFAULT CHARSET=utf8mb4 COLLATE=utf8mb4_unicode_ci;
/*!40101 SET character_set_client = @saved_cs_client */;

--
-- Dumping data for table `allergy_list`
--

LOCK TABLES `allergy_list` WRITE;
/*!40000 ALTER TABLE `allergy_list` DISABLE KEYS */;
INSERT INTO `allergy_list` VALUES (1,'난백'),(2,'우유'),(3,'메밀'),(4,'땅콩'),(5,'대두'),(6,'밀'),(7,'고등어'),(8,'게'),(9,'새우'),(10,'돼지고기'),(11,'복숭아'),(12,'토마토'),(13,'아황산류'),(14,'호두'),(15,'꿀'),(16,'포도');
/*!40000 ALTER TABLE `allergy_list` ENABLE KEYS */;
UNLOCK TABLES;

--
-- Table structure for table `cart`
--

DROP TABLE IF EXISTS `cart`;
/*!40101 SET @saved_cs_client     = @@character_set_client */;
/*!50503 SET character_set_client = utf8mb4 */;
CREATE TABLE `cart` (
  `id` int NOT NULL AUTO_INCREMENT,
  `user_id` int NOT NULL,
  `created_at` datetime(6) NOT NULL,
  `product_id` bigint NOT NULL,
  PRIMARY KEY (`id`),
  UNIQUE KEY `UQ_CART_USER_PRODUCT` (`user_id`,`product_id`),
  KEY `FK3d704slv66tw6x5hmbm6p2x3u` (`product_id`),
  CONSTRAINT `FK3d704slv66tw6x5hmbm6p2x3u` FOREIGN KEY (`product_id`) REFERENCES `product` (`id`),
  CONSTRAINT `FKl70asp4l4w0jmbm1tqyofho4o` FOREIGN KEY (`user_id`) REFERENCES `user` (`id`)
) ENGINE=InnoDB AUTO_INCREMENT=83 DEFAULT CHARSET=utf8mb4 COLLATE=utf8mb4_unicode_ci;
/*!40101 SET character_set_client = @saved_cs_client */;

--
-- Dumping data for table `cart`
--

LOCK TABLES `cart` WRITE;
/*!40000 ALTER TABLE `cart` DISABLE KEYS */;
INSERT INTO `cart` VALUES (24,6,'2025-09-20 14:31:29.445771',196),(41,4,'2025-09-22 17:00:01.985579',1),(42,4,'2025-09-22 17:00:05.624327',2),(43,4,'2025-09-22 17:00:09.185386',3),(44,4,'2025-09-22 17:00:15.062368',4),(45,4,'2025-09-22 17:00:18.273931',5),(46,4,'2025-09-22 17:00:22.536304',6),(47,4,'2025-09-22 17:00:26.338080',7),(48,4,'2025-09-22 17:00:29.695358',8),(49,4,'2025-09-22 17:00:32.809982',9),(50,3,'2025-09-22 19:36:29.889386',33),(74,2,'2025-09-24 16:55:46.493489',2),(76,7,'2025-09-24 23:22:16.367392',6),(79,7,'2025-09-25 00:41:42.210494',5),(81,1,'2025-09-25 10:47:14.569141',4),(82,1,'2025-09-25 13:37:32.350164',6);
/*!40000 ALTER TABLE `cart` ENABLE KEYS */;
UNLOCK TABLES;

--
-- Table structure for table `product`
--

DROP TABLE IF EXISTS `product`;
/*!40101 SET @saved_cs_client     = @@character_set_client */;
/*!50503 SET character_set_client = utf8mb4 */;
CREATE TABLE `product` (
  `price` int NOT NULL,
  `created_at` datetime(6) DEFAULT NULL,
  `id` bigint NOT NULL AUTO_INCREMENT,
  `updated_at` datetime(6) DEFAULT NULL,
  `brand` varchar(20) COLLATE utf8mb4_unicode_ci DEFAULT NULL,
  `event` varchar(100) COLLATE utf8mb4_unicode_ci DEFAULT NULL,
  `name` varchar(255) COLLATE utf8mb4_unicode_ci NOT NULL,
  PRIMARY KEY (`id`),
  UNIQUE KEY `uk_product_name_brand` (`name`,`brand`)
) ENGINE=InnoDB AUTO_INCREMENT=449 DEFAULT CHARSET=utf8mb4 COLLATE=utf8mb4_unicode_ci;
/*!40101 SET character_set_client = @saved_cs_client */;

--
-- Dumping data for table `product`
--

LOCK TABLES `product` WRITE;
/*!40000 ALTER TABLE `product` DISABLE KEYS */;
INSERT INTO `product` VALUES (2500,'2025-09-16 00:33:13.000000',1,'2025-09-16 00:33:13.000000','7-ELEVEN','1+1','티로그복숭아아이스티 500ML'),(2500,'2025-09-16 00:38:04.000000',2,'2025-09-16 00:38:04.000000','7-ELEVEN','1+1','얼라이브망고 500ML'),(2200,'2025-09-16 00:40:53.000000',3,'2025-09-16 00:40:53.000000','7-ELEVEN','1+1','양반유자제로 500ML'),(2000,'2025-09-16 00:40:59.000000',4,'2025-09-16 00:40:59.000000','7-ELEVEN',NULL,'제주감귤 500ML'),(2350,'2025-09-16 00:43:11.000000',5,'2025-09-16 00:43:11.000000','7-ELEVEN',NULL,'아침햇살 500ML'),(2200,'2025-09-16 00:46:14.000000',6,'2025-09-16 00:46:14.000000','7-ELEVEN',NULL,'델몬트포도 400ML'),(1500,'2025-09-16 00:47:08.000000',7,'2025-09-16 00:47:08.000000','7-ELEVEN',NULL,'꿀홍삼 180ML'),(1100,'2025-09-16 00:49:03.000000',8,'2025-09-16 00:49:03.000000','7-ELEVEN',NULL,'비타500 100ML'),(1100,'2025-09-16 00:50:05.000000',9,'2025-09-16 00:50:05.000000','7-ELEVEN',NULL,'위생천 75ML'),(2900,'2025-09-18 15:26:43.331898',10,'2025-09-18 15:26:43.331945','7-ELEVEN','2+1','맛밤프로틴밤맛 250ML'),(2500,'2025-09-18 15:26:43.770617',11,'2025-09-18 15:26:43.770644','7-ELEVEN','1+1','보바티딸기복숭아 320ML'),(2500,'2025-09-18 15:26:44.182806',12,'2025-09-18 15:26:44.182834','7-ELEVEN','1+1','보바티멜론배 320ML'),(2500,'2025-09-18 15:26:44.754656',13,'2025-09-18 15:26:44.754687','7-ELEVEN','1+1','보바티흑당밀크 315ML'),(2000,'2025-09-18 15:26:45.426889',14,'2025-09-18 15:26:45.426927','7-ELEVEN','2+1','싱하레몬소다제로 330ML'),(1500,'2025-09-18 15:26:46.048400',15,'2025-09-18 15:26:46.048453','7-ELEVEN','2+1','싱하소다워터 325ML'),(2000,'2025-09-18 15:26:46.730754',16,'2025-09-18 15:26:46.730783','7-ELEVEN','2+1','싱하유자소다제로 330ML'),(2500,'2025-09-18 15:26:47.471146',17,'2025-09-18 15:26:47.471175','7-ELEVEN','1+1','새싹보리 500ML'),(5000,'2025-09-18 15:26:48.120457',18,'2025-09-18 15:26:48.120488','7-ELEVEN','1+1','컨디션(레이디) 100ML'),(10000,'2025-09-18 15:26:48.656122',19,'2025-09-18 15:26:48.656173','7-ELEVEN','2+1','컨디션CEO 150ML'),(5000,'2025-09-18 15:26:49.069959',20,'2025-09-18 15:26:49.069986','7-ELEVEN','1+1','컨디션스파클링자몽제로 100ML'),(3000,'2025-09-18 15:26:49.841765',21,'2025-09-18 15:26:49.841793','7-ELEVEN','1+1','컨디션헛개수 1L'),(2500,'2025-09-18 15:26:50.540600',22,'2025-09-18 15:26:50.540631','7-ELEVEN','1+1','컨디션헛개수 500ML'),(3000,'2025-09-18 15:26:51.266016',23,'2025-09-18 15:26:51.266047','7-ELEVEN','1+1','컨디션헛개수EX 500ML'),(5000,'2025-09-18 15:26:51.832465',24,'2025-09-18 15:26:51.832495','7-ELEVEN','2+1','헛개컨디션 100ML'),(3000,'2025-09-18 15:26:52.311659',25,'2025-09-18 15:26:52.311690','7-ELEVEN','2+1','슛!비타민워터레몬 340ML'),(3000,'2025-09-18 15:26:53.024254',26,'2025-09-18 15:26:53.024283','7-ELEVEN','2+1','슛!비타민워터믹스후르츠 340ML'),(2500,'2025-09-18 15:26:53.705098',27,'2025-09-18 15:26:53.705128','7-ELEVEN','2+1','알로에베라킹 500ML'),(2500,'2025-09-18 15:26:54.108691',28,'2025-09-18 15:26:54.108719','7-ELEVEN','2+1','옐로우스무디 350ML'),(2500,'2025-09-18 15:26:54.620651',29,'2025-09-18 15:26:54.620680','7-ELEVEN','2+1','요구르트스파클링 500ML'),(2200,'2025-09-18 15:26:55.321476',30,'2025-09-18 15:26:55.321504','7-ELEVEN','1+1','디저트39커피우유 500ML'),(2500,'2025-09-18 15:26:56.724157',31,'2025-09-18 15:26:56.724185','7-ELEVEN','2+1','워터멜론 500ML'),(2000,'2025-09-18 15:26:57.217632',32,'2025-09-18 15:26:57.217661','7-ELEVEN','2+1','노랑노랑바나나우유 500ML'),(2200,'2025-09-18 15:26:57.620021',33,'2025-09-18 15:26:57.620053','7-ELEVEN','2+1','디저트39딸기우유 500ML'),(2200,'2025-09-18 15:26:58.272692',34,'2025-09-18 15:26:58.272723','7-ELEVEN','2+1','디저트39바나나우유 500ML'),(2200,'2025-09-18 15:26:58.820185',35,'2025-09-18 15:26:58.820240','7-ELEVEN','1+1','밀크클래식쌀음료 500ML'),(2800,'2025-09-18 15:26:59.225088',36,'2025-09-18 15:26:59.225117','7-ELEVEN','2+1','바닐라라떼 300ML'),(2000,'2025-09-18 15:26:59.899494',37,'2025-09-18 15:26:59.899524','7-ELEVEN','2+1','분홍분홍딸기우유 500ML'),(2800,'2025-09-18 15:27:00.620294',38,'2025-09-18 15:27:00.620323','7-ELEVEN','1+1','산리오레몬아이스티제로 350ML'),(2800,'2025-09-18 15:27:01.450918',39,'2025-09-18 15:27:01.450951','7-ELEVEN','1+1','산리오마이멜로디아샷추복숭아 350ML'),(2800,'2025-09-18 15:27:02.153674',40,'2025-09-18 15:27:02.153704','7-ELEVEN','1+1','산리오복숭아아이스티제로 350ML'),(2800,'2025-09-18 15:27:02.877697',41,'2025-09-18 15:27:02.877726','7-ELEVEN','1+1','산리오포차코아망추망고 350ML'),(1300,'2025-09-18 15:27:03.372173',42,'2025-09-18 15:27:03.372202','7-ELEVEN','2+1','스파클링워터라임 500ML'),(1300,'2025-09-18 15:27:04.018020',43,'2025-09-18 15:27:04.018051','7-ELEVEN','2+1','스파클링워터레몬 500ML'),(2800,'2025-09-18 15:27:04.800747',44,'2025-09-18 15:27:04.800777','7-ELEVEN','2+1','아메리카노 300ML'),(2350,'2025-09-18 15:27:05.203409',45,'2025-09-18 15:27:05.203446','7-ELEVEN','2+1','아침햇살흑미 500ML'),(3300,'2025-09-18 15:27:05.673767',46,'2025-09-18 15:27:05.673796','7-ELEVEN','1+1','앙리마티스바닐라라떼 250ML'),(3300,'2025-09-18 15:27:06.430808',47,'2025-09-18 15:27:06.430841','7-ELEVEN','1+1','앙리마티스아메리카노 250ML'),(3300,'2025-09-18 15:27:07.056420',48,'2025-09-18 15:27:07.056477','7-ELEVEN','1+1','앙리마티스카페라떼 250ML'),(1300,'2025-09-18 15:27:07.690987',49,'2025-09-18 15:27:07.691018','7-ELEVEN','1+1','오구딸기타임 200ML'),(1300,'2025-09-18 15:27:08.404124',50,'2025-09-18 15:27:08.404153','7-ELEVEN','1+1','오구초코타임 200ML'),(3200,'2025-09-18 15:27:10.411488',51,'2025-09-18 15:27:10.411517','7-ELEVEN','2+1','진짜주스감귤천혜향 245ML'),(3200,'2025-09-18 15:27:10.921473',52,'2025-09-18 15:27:10.921503','7-ELEVEN','2+1','진짜주스사과당근 245ML'),(2000,'2025-09-18 15:27:11.678849',53,'2025-09-18 15:27:11.678879','7-ELEVEN','2+1','쪼코쪼코초코우유 500ML'),(2800,'2025-09-18 15:27:12.463941',54,'2025-09-18 15:27:12.463968','7-ELEVEN','2+1','카라멜마끼아또 300ML'),(3200,'2025-09-18 15:27:13.119041',55,'2025-09-18 15:38:30.795407','7-ELEVEN','2+1','카페라떼 300ML'),(2800,'2025-09-18 15:27:13.657008',56,'2025-09-18 15:27:13.657038','7-ELEVEN','2+1','카페모카 300ML'),(2000,'2025-09-18 15:27:14.145522',57,'2025-09-18 15:27:14.145552','7-ELEVEN','2+1','콩닥콩닥커피우유 500ML'),(3000,'2025-09-18 15:27:14.883276',58,'2025-09-18 15:27:14.883304','7-ELEVEN','2+1','티처스에너네이드 500ML'),(2500,'2025-09-18 15:27:15.432522',59,'2025-09-18 15:27:15.432551','7-ELEVEN','1+1','파리의이온비타납작복숭아제로 500ML'),(2500,'2025-09-18 15:27:15.963967',60,'2025-09-18 15:27:15.963996','7-ELEVEN','1+1','파리의이온비타레몬제로 500ML'),(3100,'2025-09-18 15:27:16.596745',61,'2025-09-18 15:27:16.596775','7-ELEVEN','2+1','헬로맨바닐라라떼 320ML'),(3100,'2025-09-18 15:27:17.364513',62,'2025-09-18 15:27:17.364543','7-ELEVEN','2+1','헬로맨아메리카노 320ML'),(3100,'2025-09-18 15:27:18.085506',63,'2025-09-18 15:27:18.085534','7-ELEVEN','2+1','헬로맨초코라떼 320ML'),(3100,'2025-09-18 15:27:18.605304',64,'2025-09-18 15:27:18.605332','7-ELEVEN','2+1','헬로맨카라멜마끼아또 320ML'),(3100,'2025-09-18 15:27:19.068512',65,'2025-09-18 15:27:19.068542','7-ELEVEN','2+1','헬로맨카페라떼 320ML'),(3100,'2025-09-18 15:27:19.580682',66,'2025-09-18 15:27:19.580712','7-ELEVEN','2+1','헬로맨카페라떼로슈거 320ML'),(2400,'2025-09-18 15:27:20.068256',67,'2025-09-18 15:27:20.068285','7-ELEVEN','2+1','쉼 230ML'),(2400,'2025-09-18 15:27:20.567261',68,'2025-09-18 15:27:20.567307','7-ELEVEN','2+1','야쿠르트197 1450ML'),(5000,'2025-09-18 15:27:21.332770',69,'2025-09-18 15:27:21.332822','7-ELEVEN','1+1','쿠퍼스깨곰'),(3000,'2025-09-18 15:27:21.824052',70,'2025-09-18 15:27:21.824081','7-ELEVEN','2+1','더진한헛개차 500ML'),(16000,'2025-09-18 15:27:24.331090',71,'2025-09-18 15:35:48.014134','7-ELEVEN','2+1','비타500제로스파클링 150ML'),(22000,'2025-09-18 15:27:25.204477',72,'2025-09-18 15:27:25.204519','7-ELEVEN','2+1','삼다수 500ML'),(2500,'2025-09-18 15:27:25.808798',73,'2025-09-18 15:27:25.808828','7-ELEVEN','2+1','썬키스트레몬에이드 500ML'),(3300,'2025-09-18 15:27:26.416062',74,'2025-09-18 15:27:26.416091','7-ELEVEN','2+1','옥수수수염차 1.5L'),(1600,'2025-09-18 15:27:26.960411',75,'2025-09-18 15:39:07.348825','7-ELEVEN','2+1','옥수수수염차 500ML'),(1100,'2025-09-18 15:27:27.628039',76,'2025-09-18 15:27:27.628067','7-ELEVEN','2+1','제주삼다수 500ML'),(2200,'2025-09-18 15:27:28.131208',77,'2025-09-18 15:27:28.131237','7-ELEVEN','2+1','진한헛개차 500ML'),(5000,'2025-09-18 15:27:28.598288',78,'2025-09-18 15:27:28.598317','7-ELEVEN','2+1','헛개파워 100ML'),(3300,'2025-09-18 15:27:29.096049',79,'2025-09-18 15:27:29.096077','7-ELEVEN','2+1','힘찬하루헛개차 1.5L'),(2200,'2025-09-18 15:27:29.598176',80,'2025-09-18 15:27:29.598205','7-ELEVEN','2+1','17차(십칠차) 500ML'),(1800,'2025-09-18 15:27:30.183565',81,'2025-09-18 15:27:30.183592','7-ELEVEN','1+1','과수원사과 200ML'),(1000,'2025-09-18 15:27:30.676898',82,'2025-09-18 15:27:30.676944','7-ELEVEN','1+1','과수원사과팩 190ML'),(1500,'2025-09-18 15:27:31.321189',83,'2025-09-18 15:27:31.321227','7-ELEVEN','1+1','맛있는두유GT고칼슘검은콩깨팩 190ML'),(1500,'2025-09-18 15:27:31.929281',84,'2025-09-18 15:27:31.929307','7-ELEVEN','1+1','맛있는두유GT고칼슘담백 190ML'),(1700,'2025-09-18 15:27:32.689820',85,'2025-09-18 15:27:32.689846','7-ELEVEN','2+1','아몬드데이언스위트 190ML'),(1700,'2025-09-18 15:27:33.450734',86,'2025-09-18 15:27:33.450758','7-ELEVEN','2+1','아몬드데이오리지널 190ML'),(1900,'2025-09-18 15:27:34.026775',87,'2025-09-18 15:27:34.026801','7-ELEVEN','2+1','초코에몽 250ML'),(2900,'2025-09-18 15:27:34.745138',88,'2025-09-18 15:27:34.745164','7-ELEVEN','2+1','테이크핏고소한맛 250ML'),(2900,'2025-09-18 15:27:35.302746',89,'2025-09-18 15:27:35.302773','7-ELEVEN','2+1','테이크핏바나나 250ML'),(2900,'2025-09-18 15:27:37.558831',90,'2025-09-18 15:27:37.558856','7-ELEVEN','2+1','테이크핏초코 250ML'),(5500,'2025-09-18 15:27:38.197722',91,'2025-09-18 15:27:38.197748','7-ELEVEN','2+1','스타벅스다크로스트 10T'),(5500,'2025-09-18 15:27:38.885904',92,'2025-09-18 15:27:38.885930','7-ELEVEN','2+1','스타벅스미디엄로스트 10T'),(5300,'2025-09-18 15:27:39.341460',93,'2025-09-18 15:27:39.341487','7-ELEVEN','2+1','수프리모골드마일드 20입'),(5300,'2025-09-18 15:27:40.160886',94,'2025-09-18 15:27:40.160912','7-ELEVEN','2+1','수프리모커피믹스 20입'),(5000,'2025-09-18 15:27:40.796998',95,'2025-09-18 15:27:40.797048','7-ELEVEN','2+1','테이스터스초이스 50G'),(900,'2025-09-18 15:27:41.315024',96,'2025-09-18 15:27:41.315056','7-ELEVEN','2+1','백산수 330ML'),(1900,'2025-09-18 15:27:41.908923',97,'2025-09-18 15:27:41.908980','7-ELEVEN','2+1','백산수 2L'),(1000,'2025-09-18 15:27:42.554095',98,'2025-09-18 15:27:42.554118','7-ELEVEN','2+1','백산수 500ML'),(2200,'2025-09-18 15:27:43.097246',99,'2025-09-18 15:27:43.097279','7-ELEVEN','2+1','오이오차녹차 525ML'),(2000,'2025-09-18 15:27:43.701466',100,'2025-09-18 15:27:43.701488','7-ELEVEN','2+1','웰치스제로포도 600ML'),(1500,'2025-09-18 15:27:44.438333',101,'2025-09-18 15:27:44.438355','7-ELEVEN','2+1','웰치스포도 355ML'),(1900,'2025-09-18 15:27:45.035673',102,'2025-09-18 15:27:45.035694','7-ELEVEN','2+1','아쌈밀크티 300ML'),(1900,'2025-09-18 15:27:45.609969',103,'2025-09-18 15:27:45.609988','7-ELEVEN','2+1','아쌈블랙티 400ML'),(2000,'2025-09-18 15:27:46.140055',104,'2025-09-18 15:27:46.140075','7-ELEVEN','1+1','액티비아스무디딸기바나나1'),(2200,'2025-09-18 15:27:46.883317',105,'2025-09-18 15:27:46.883338','7-ELEVEN','2+1','액티비아업딸기 210ML'),(2200,'2025-09-18 15:27:47.462759',106,'2025-09-18 15:27:47.462780','7-ELEVEN','2+1','액티비아업복숭아 210ML'),(2200,'2025-09-18 15:27:47.964822',107,'2025-09-18 15:27:47.964843','7-ELEVEN','2+1','액티비아업플레인 210ML'),(18001300,'2025-09-18 15:27:48.609047',108,'2025-09-18 15:27:48.609115','7-ELEVEN','2+1','생강차플러스원컵'),(2400,'2025-09-18 15:27:49.284472',109,'2025-09-18 15:27:49.284500','7-ELEVEN','2+1','드링킹딸기 275ML'),(2400,'2025-09-18 15:27:51.494079',110,'2025-09-18 15:27:51.494114','7-ELEVEN','2+1','드링킹베리믹스 275ML'),(2400,'2025-09-18 15:27:52.224094',111,'2025-09-18 15:27:52.224114','7-ELEVEN','2+1','드링킹복숭아 275ML'),(2400,'2025-09-18 15:27:52.828197',112,'2025-09-18 15:27:52.828216','7-ELEVEN','2+1','드링킹사과 275ML'),(2400,'2025-09-18 15:27:53.231078',113,'2025-09-18 15:27:53.231098','7-ELEVEN','2+1','드링킹플레인 275ML'),(2100,'2025-09-18 15:27:53.906303',114,'2025-09-18 15:27:53.906324','7-ELEVEN','1+1','딸기딸기우유 300ML'),(2100,'2025-09-18 15:27:54.353796',115,'2025-09-18 15:27:54.353835','7-ELEVEN','1+1','바나바나우유 300ML'),(2800,'2025-09-18 15:27:54.988951',116,'2025-09-18 15:27:54.988970','7-ELEVEN','1+1','소화가잘되는바닐라라떼 250ML'),(2800,'2025-09-18 15:27:55.713012',117,'2025-09-18 15:27:55.713030','7-ELEVEN','1+1','소화가잘되는카페라떼 250ML'),(1700,'2025-09-18 15:27:56.163276',118,'2025-09-18 15:27:56.163295','7-ELEVEN','2+1','얼라이브망고 250ML'),(1700,'2025-09-18 15:27:56.693237',119,'2025-09-18 15:27:56.693255','7-ELEVEN','2+1','얼라이브머스캣청포도 250ML'),(1700,'2025-09-18 15:27:57.102089',120,'2025-09-18 15:27:57.102106','7-ELEVEN','2+1','얼라이브블러드오렌지 250ML'),(1700,'2025-09-18 15:27:57.542818',121,'2025-09-18 15:27:57.542836','7-ELEVEN','2+1','얼라이브스위티자몽 250ML'),(2100,'2025-09-18 15:27:58.057776',122,'2025-09-18 15:27:58.057795','7-ELEVEN','1+1','초코초코우유 300ML'),(2100,'2025-09-18 15:27:58.830802',123,'2025-09-18 15:27:58.830819','7-ELEVEN','1+1','커피커피우유 300ML'),(1500,'2025-09-18 15:27:59.570522',124,'2025-09-18 15:27:59.570540','7-ELEVEN','1+1','테이크얼라이브망고 200ML'),(2200,'2025-09-18 15:28:00.156456',125,'2025-09-18 15:28:00.156500','7-ELEVEN','2+1','테이크얼라이브블렌드레몬캐모마일 300ML'),(2200,'2025-09-18 15:28:00.717615',126,'2025-09-18 15:28:00.717634','7-ELEVEN','2+1','테이크얼라이브블렌드자몽히비스커스 300ML'),(1500,'2025-09-18 15:28:01.335247',127,'2025-09-18 15:28:01.335265','7-ELEVEN','1+1','테이크얼라이브자몽 200ML'),(1700,'2025-09-18 15:28:02.095192',128,'2025-09-18 15:28:02.095234','7-ELEVEN','1+1','하이요구르트 280ML'),(1500,'2025-09-18 15:28:02.889422',129,'2025-09-18 15:28:02.889452','7-ELEVEN','2+1','TOP(더블랙) 200ML'),(3300,'2025-09-18 15:28:05.073849',130,'2025-09-18 15:28:05.073875','7-ELEVEN','2+1','TOP더블랙 380ML'),(2700,'2025-09-18 15:28:05.480982',131,'2025-09-18 15:28:05.481000','7-ELEVEN','2+1','TOP돌체라떼 275ML'),(1500,'2025-09-18 15:28:06.166388',132,'2025-09-18 15:28:06.166406','7-ELEVEN','2+1','TOP마스터라떼 200ML'),(2700,'2025-09-18 15:28:06.642045',133,'2025-09-18 15:28:06.642063','7-ELEVEN','2+1','TOP마스터라떼 275ML'),(3300,'2025-09-18 15:28:07.127527',134,'2025-09-18 15:28:07.127545','7-ELEVEN','2+1','TOP마스터라떼 380ML'),(2700,'2025-09-18 15:28:07.901951',135,'2025-09-18 15:28:07.901969','7-ELEVEN','2+1','TOP블랙 275ML'),(2700,'2025-09-18 15:28:08.459866',136,'2025-09-18 15:28:08.459884','7-ELEVEN','2+1','TOP스모키라떼 275ML'),(1500,'2025-09-18 15:28:09.201656',137,'2025-09-18 15:28:09.201675','7-ELEVEN','2+1','TOP스위트아메리카노 200ML'),(2700,'2025-09-18 15:28:09.665343',138,'2025-09-18 15:28:09.665361','7-ELEVEN','2+1','TOP스위트아메리카노 275ML'),(3300,'2025-09-18 15:28:10.206377',139,'2025-09-18 15:28:10.206394','7-ELEVEN','2+1','TOP스위트아메리카노 380ML'),(2400,'2025-09-18 15:28:10.880104',140,'2025-09-18 15:28:10.880122','7-ELEVEN','2+1','레드불그린 250ML'),(2400,'2025-09-18 15:28:11.527983',141,'2025-09-18 15:28:11.528000','7-ELEVEN','2+1','레드불에너지 250ML'),(2400,'2025-09-18 15:28:11.988545',142,'2025-09-18 15:28:11.988563','7-ELEVEN','2+1','레드불퍼플 250ML'),(2300,'2025-09-18 15:28:12.580053',143,'2025-09-18 15:28:12.580071','7-ELEVEN','2+1','맥심TOP라떼 240ML'),(2300,'2025-09-18 15:28:13.199134',144,'2025-09-18 15:28:13.199151','7-ELEVEN','2+1','맥심TOP블랙 240ML'),(6700,'2025-09-18 15:28:13.880291',145,'2025-09-18 15:28:13.880310','7-ELEVEN','2+1','맥심슈프림골드믹스'),(7100,'2025-09-18 15:28:14.385744',146,'2025-09-18 15:28:14.385762','7-ELEVEN','2+1','카누라떼 10입'),(7100,'2025-09-18 15:28:14.925520',147,'2025-09-18 15:28:14.925541','7-ELEVEN','2+1','카누말차라떼 8입'),(7100,'2025-09-18 15:28:15.505911',148,'2025-09-18 15:28:15.505935','7-ELEVEN','2+1','카누밀크티라떼 8입'),(2900,'2025-09-18 15:28:16.015022',149,'2025-09-18 15:28:16.015040','7-ELEVEN','2+1','콜롬비아나마스터라떼 500ML'),(2900,'2025-09-18 15:28:18.425151',150,'2025-09-18 15:28:18.425169','7-ELEVEN','2+1','콜롬비아나마스터블랙 500ML'),(6000,'2025-09-18 15:28:18.999233',151,'2025-09-18 15:28:18.999250','7-ELEVEN','1+1','모닝케어프레스온G(위)'),(6000,'2025-09-18 15:28:19.673190',152,'2025-09-18 15:28:19.673209','7-ELEVEN','1+1','모닝케어프레스온H(간)'),(1500,'2025-09-18 15:28:20.236305',153,'2025-09-18 15:28:20.236323','7-ELEVEN','2+1','녹차 350ML'),(2600,'2025-09-18 15:28:21.034921',154,'2025-09-18 15:28:21.034939','7-ELEVEN','1+1','다방커피오리지널 250ML'),(2600,'2025-09-18 15:28:21.766367',155,'2025-09-18 15:28:21.766384','7-ELEVEN','1+1','다방커피헤이즐넛 250ML'),(1600,'2025-09-18 15:28:22.382406',156,'2025-09-18 15:28:22.382451','7-ELEVEN','1+1','동원샘물 2L'),(1000,'2025-09-18 15:28:23.015751',157,'2025-09-18 15:28:23.015771','7-ELEVEN','1+1','동원샘물 500ML'),(2200,'2025-09-18 15:28:23.421761',158,'2025-09-18 15:28:23.421778','7-ELEVEN','1+1','비타C자몽에이드 500ML'),(2500,'2025-09-18 15:28:24.026704',159,'2025-09-18 15:28:24.026722','7-ELEVEN','1+1','아이스티(레몬) 500ML'),(2500,'2025-09-18 15:28:24.815991',160,'2025-09-18 15:28:24.816008','7-ELEVEN','1+1','아이스티(복숭아) 500ML'),(2500,'2025-09-18 15:28:25.532825',161,'2025-09-18 15:28:25.532844','7-ELEVEN','1+1','아이스티(샤인머스캣) 500ML'),(2500,'2025-09-18 15:28:25.936862',162,'2025-09-18 15:28:25.936877','7-ELEVEN','1+1','아이스티(애플) 500ML'),(2200,'2025-09-18 15:28:26.908908',163,'2025-09-18 15:28:26.908923','7-ELEVEN','1+1','오미자차 500ML'),(2200,'2025-09-18 15:28:27.687801',164,'2025-09-18 15:28:27.687817','7-ELEVEN','1+1','윤곽NINE차 500ML'),(2000,'2025-09-18 15:28:28.279770',165,'2025-09-18 15:28:28.279786','7-ELEVEN','2+1','쿨피스에이드복숭아 300ML'),(2000,'2025-09-18 15:28:28.738374',166,'2025-09-18 15:28:28.738390','7-ELEVEN','2+1','쿨피스에이드자두 300ML'),(2500,'2025-09-18 15:28:29.437387',167,'2025-09-18 15:28:29.437402','7-ELEVEN','1+1','테이크얼라이브망고 500ML'),(2500,'2025-09-18 15:28:30.234776',168,'2025-09-18 15:28:30.234793','7-ELEVEN','1+1','테이크얼라이브스위티자몽 500ML'),(3500,'2025-09-18 15:28:32.445496',169,'2025-09-18 15:28:32.445511','7-ELEVEN','1+1','배러레스트 120ML'),(3500,'2025-09-18 15:28:33.067808',170,'2025-09-18 15:28:33.067822','7-ELEVEN','1+1','배러애사비 120ML'),(3500,'2025-09-18 15:28:33.551738',171,'2025-09-18 15:28:33.551776','7-ELEVEN','1+1','배러텐션 120ML'),(3500,'2025-09-18 15:28:34.081741',172,'2025-09-18 15:28:34.081758','7-ELEVEN','1+1','배러푸룬 120ML'),(12000,'2025-09-18 15:28:34.593962',173,'2025-09-18 15:36:57.902719','7-ELEVEN','2+1','부채표미인활 75ML'),(1200,'2025-09-18 15:28:35.905223',174,'2025-09-18 15:28:35.905238','7-ELEVEN','1+1','쌍화원골드 100ML'),(4500,'2025-09-18 15:28:36.323193',175,'2025-09-18 15:28:36.323210','7-ELEVEN','1+1','기네스논알콜 440ML'),(1100,'2025-09-18 15:28:36.814764',176,'2025-09-18 15:28:36.814780','7-ELEVEN','1+1','춘식이해양심층수 500ML'),(13900,'2025-09-18 15:28:37.452731',177,'2025-09-18 15:28:37.452746','7-ELEVEN','1+1','프로틴파인트더블초코 474ML'),(13900,'2025-09-18 15:28:38.068504',178,'2025-09-18 15:28:38.068521','7-ELEVEN','1+1','프로틴파인트피넛버터 474ML'),(1900,'2025-09-18 15:28:38.859934',179,'2025-09-18 15:28:38.859951','7-ELEVEN','2+1','쾌변사과 150ML'),(1500,'2025-09-18 15:28:39.351814',180,'2025-09-18 15:28:39.351832','7-ELEVEN','1+1','클라우드논알콜릭 350ML'),(2800,'2025-09-18 15:28:40.009321',181,'2025-09-18 15:28:40.009336','7-ELEVEN','1+1','클라우드논알콜릭 500ML'),(2900,'2025-09-18 15:28:40.484907',182,'2025-09-18 15:28:40.484921','7-ELEVEN','2+1','링티제로 500ML'),(2900,'2025-09-18 15:28:41.115557',183,'2025-09-18 15:28:41.115579','7-ELEVEN','2+1','링티제로레몬라임 500ML'),(2200,'2025-09-18 15:28:41.884116',184,'2025-09-18 15:28:41.884132','7-ELEVEN','1+1','씨너지에너지드링크 250ML'),(2900,'2025-09-18 15:28:42.607615',185,'2025-09-18 15:28:42.607629','7-ELEVEN','2+1','그릭드링크바나나 190ML'),(2900,'2025-09-18 15:28:43.392319',186,'2025-09-18 15:28:43.392357','7-ELEVEN','2+1','그릭드링크플레인 190ML'),(1400,'2025-09-18 15:28:43.969564',187,'2025-09-18 15:28:43.969579','7-ELEVEN','2+1','두유99.9 190ML'),(1500,'2025-09-18 15:28:46.182910',188,'2025-09-18 15:28:46.182926','7-ELEVEN','2+1','바나나는원래맛있다 190ML'),(3500,'2025-09-18 15:28:46.840864',189,'2025-09-18 15:28:46.840879','7-ELEVEN','2+1','바리스타돌체라떼 325ML'),(3500,'2025-09-18 15:28:47.383329',190,'2025-09-18 15:28:47.383352','7-ELEVEN','2+1','바리스타디카페인 325ML'),(2700,'2025-09-18 15:28:48.153109',191,'2025-09-18 15:28:48.153123','7-ELEVEN','2+1','바리스타라떼 475ML'),(2900,'2025-09-18 15:28:48.904573',192,'2025-09-18 15:28:48.904588','7-ELEVEN','2+1','바리스타로슈거 250ML'),(2900,'2025-09-18 15:28:49.600084',193,'2025-09-18 15:28:49.600099','7-ELEVEN','2+1','바리스타모카프레소 250ML'),(3500,'2025-09-18 15:28:50.379842',194,'2025-09-18 15:28:50.379856','7-ELEVEN','2+1','바리스타바닐라빈라떼 325ML'),(3500,'2025-09-18 15:28:50.858516',195,'2025-09-18 15:28:50.858531','7-ELEVEN','2+1','바리스타블랙 325ML'),(3500,'2025-09-18 15:28:51.601391',196,'2025-09-18 15:28:51.601405','7-ELEVEN','2+1','바리스타쇼콜라모카 325ML'),(2900,'2025-09-18 15:28:52.382534',197,'2025-09-18 15:28:52.382548','7-ELEVEN','2+1','바리스타스모키 250ML'),(2700,'2025-09-18 15:28:53.082373',198,'2025-09-18 15:28:53.082389','7-ELEVEN','2+1','바리스타아메리카노 475ML'),(2900,'2025-09-18 15:28:53.525978',199,'2025-09-18 15:28:53.526011','7-ELEVEN','2+1','바리스타에스프레소 250ML'),(2900,'2025-09-18 15:28:54.231560',200,'2025-09-18 15:28:54.231617','7-ELEVEN','2+1','바리스타카라멜 250ML'),(3500,'2025-09-18 15:28:54.980537',201,'2025-09-18 15:28:54.980566','7-ELEVEN','2+1','바리스타플라넬드립 325ML'),(2400,'2025-09-18 15:28:55.634357',202,'2025-09-18 15:28:55.634370','7-ELEVEN','2+1','바이오딸기드링킹 250ML'),(2400,'2025-09-18 15:28:56.375220',203,'2025-09-18 15:28:56.375231','7-ELEVEN','2+1','바이오블루베리드링킹 250ML'),(2400,'2025-09-18 15:28:56.837807',204,'2025-09-18 15:28:56.837835','7-ELEVEN','2+1','바이오플레인드링킹 250ML'),(2900,'2025-09-18 15:28:57.556943',205,'2025-09-18 15:28:57.556956','7-ELEVEN','2+1','셀렉스모카초코 250ML'),(2900,'2025-09-18 15:28:57.992422',206,'2025-09-18 15:28:57.992466','7-ELEVEN','2+1','셀렉스밀크바닐라 250ML'),(2900,'2025-09-18 15:28:58.737217',207,'2025-09-18 15:28:58.737230','7-ELEVEN','2+1','셀렉스바나나 250ML'),(1500,'2025-09-18 15:29:00.847261',208,'2025-09-18 15:29:00.847274','7-ELEVEN','2+1','어메이징오트언스위트 190ML'),(1500,'2025-09-18 15:29:01.625663',209,'2025-09-18 15:29:01.625678','7-ELEVEN','2+1','어메이징오트오리지널 190ML'),(1700,'2025-09-18 15:29:02.280912',210,'2025-09-18 15:29:02.280924','7-ELEVEN','2+1','엔요 280ML'),(20001600,'2025-09-18 15:29:02.722472',211,'2025-09-18 15:29:02.722487','7-ELEVEN','2+1','커피속에모카치노 300ML'),(1600,'2025-09-18 15:29:03.171362',212,'2025-09-18 15:29:03.171374','7-ELEVEN','2+1','허쉬초코딸기 190ML'),(1600,'2025-09-18 15:29:03.852279',213,'2025-09-18 15:29:03.852294','7-ELEVEN','2+1','허쉬초코바나나 190ML'),(23900,'2025-09-18 15:29:04.410274',214,'2025-09-18 15:29:04.410287','7-ELEVEN','1+1','펭수기획오리지널 100T'),(23900,'2025-09-18 15:29:05.004306',215,'2025-09-18 15:29:05.004317','7-ELEVEN','1+1','펭수기획헤이즐넛 100T'),(1700,'2025-09-18 15:29:05.578536',216,'2025-09-18 15:29:05.578548','7-ELEVEN','2+1','유기농당근비트 180ML'),(1700,'2025-09-18 15:29:06.351231',217,'2025-09-18 15:29:06.351245','7-ELEVEN','2+1','유기농야채사랑 190ML'),(2500,'2025-09-18 15:29:06.949771',218,'2025-09-18 15:29:06.949785','7-ELEVEN','2+1','코코브루니라떼 200ML'),(2500,'2025-09-18 15:29:07.724486',219,'2025-09-18 15:29:07.724499','7-ELEVEN','2+1','코코브루니아메리카노 200ML'),(2900,'2025-09-18 15:29:08.466484',220,'2025-09-18 15:29:08.466497','7-ELEVEN','2+1','엄마는외계인밀키 300ML'),(2300,'2025-09-18 15:29:09.032582',221,'2025-09-18 15:29:09.032596','7-ELEVEN','2+1','닥터캡슐베리믹스 130ML'),(2300,'2025-09-18 15:29:09.614898',222,'2025-09-18 15:29:09.614912','7-ELEVEN','2+1','닥터캡슐사과 130ML'),(2300,'2025-09-18 15:29:10.184843',223,'2025-09-18 15:29:10.184857','7-ELEVEN','2+1','닥터캡슐플레인 130ML'),(2900,'2025-09-18 15:29:10.961812',224,'2025-09-18 15:29:10.961826','7-ELEVEN','2+1','더단백딸기 250ML'),(2900,'2025-09-18 15:29:11.364686',225,'2025-09-18 15:29:11.364699','7-ELEVEN','2+1','더단백멜론 250ML'),(2900,'2025-09-18 15:29:11.886609',226,'2025-09-18 15:29:11.886621','7-ELEVEN','2+1','더단백초코 250ML'),(2900,'2025-09-18 15:29:12.425776',227,'2025-09-18 15:29:12.425790','7-ELEVEN','2+1','더단백커피 250ML'),(2700,'2025-09-18 15:29:14.640336',228,'2025-09-18 15:29:14.640351','7-ELEVEN','2+1','따옴오렌지 235ML'),(2700,'2025-09-18 15:29:15.231348',229,'2025-09-18 15:29:15.231361','7-ELEVEN','2+1','따옴한라봉&청귤 235ML'),(1500,'2025-09-18 15:29:15.962042',230,'2025-09-18 15:29:15.962055','7-ELEVEN','2+1','메로나바나나 75ML'),(2600,'2025-09-18 15:29:16.740236',231,'2025-09-18 15:29:16.740248','7-ELEVEN','2+1','사이즈업돌체라떼 350ML'),(2600,'2025-09-18 15:29:17.294881',232,'2025-09-18 15:29:17.294894','7-ELEVEN','2+1','사이즈업라떼 350ML'),(2600,'2025-09-18 15:29:18.070075',233,'2025-09-18 15:29:18.070088','7-ELEVEN','2+1','사이즈업바닐라라떼 350ML'),(3200,'2025-09-18 15:29:18.667405',234,'2025-09-18 15:29:18.667417','7-ELEVEN','2+1','사이즈업벤티아메리카노 600ML'),(3200,'2025-09-18 15:29:19.127208',235,'2025-09-18 15:29:19.127220','7-ELEVEN','2+1','사이즈업벤티헤이즐넛 600ML'),(2600,'2025-09-18 15:29:19.808219',236,'2025-09-18 15:29:19.808232','7-ELEVEN','2+1','사이즈업아메리카노 350ML'),(3000,'2025-09-18 15:29:20.426844',237,'2025-09-18 15:29:20.426857','7-ELEVEN','1+1','스페셜티안티오키아 460ML'),(3000,'2025-09-18 15:29:20.890655',238,'2025-09-18 15:29:20.890670','7-ELEVEN','1+1','스페셜티예가체프 460ML'),(1400,'2025-09-18 15:29:21.478451',239,'2025-09-18 15:29:21.478466','7-ELEVEN','2+1','아이스티복숭아 300ML'),(2000,'2025-09-18 15:29:21.957989',240,'2025-09-18 15:29:21.958004','7-ELEVEN','2+1','아카페라바닐라라떼 240ML'),(2000,'2025-09-18 15:29:22.605746',241,'2025-09-18 15:29:22.605781','7-ELEVEN','2+1','아카페라카라멜 240ML'),(1200,'2025-09-18 15:29:23.234027',242,'2025-09-18 15:29:23.234050','7-ELEVEN','2+1','까스명수골드'),(1700,'2025-09-18 15:29:23.712335',243,'2025-09-18 15:29:23.712347','7-ELEVEN','2+1','딸기꿀단지 180ML'),(2100,'2025-09-18 15:29:24.168455',244,'2025-09-18 15:29:24.168468','7-ELEVEN','2+1','딸기우유 300ML'),(2700,'2025-09-18 15:29:24.585566',245,'2025-09-18 15:29:24.585580','7-ELEVEN','2+1','목장딸기요구르트 225ML'),(2400,'2025-09-18 15:29:25.069107',246,'2025-09-18 15:29:25.069119','7-ELEVEN','2+1','미노스바나나우유 235ML'),(2100,'2025-09-18 15:29:25.543405',247,'2025-09-18 15:29:25.543418','7-ELEVEN','2+1','바나나우유 300ML'),(2300,'2025-09-18 15:29:27.886320',248,'2025-09-18 15:29:27.886334','7-ELEVEN','2+1','아침에주스사과 210ML'),(2300,'2025-09-18 15:29:28.509752',249,'2025-09-18 15:29:28.509765','7-ELEVEN','2+1','아침에주스오렌지 210ML'),(1800,'2025-09-18 15:29:29.195614',250,'2025-09-18 15:29:29.195627','7-ELEVEN','1+1','올데이프룻매실제로 250ML'),(1700,'2025-09-18 15:29:29.768728',251,'2025-09-18 15:29:29.768740','7-ELEVEN','2+1','초코꿀단지 180ML'),(2100,'2025-09-18 15:29:30.476981',252,'2025-09-18 15:29:30.476993','7-ELEVEN','2+1','초코우유 300ML'),(2100,'2025-09-18 15:29:31.277647',253,'2025-09-18 15:29:31.277659','7-ELEVEN','2+1','커피우유 300ML'),(2600,'2025-09-18 15:29:31.737530',254,'2025-09-18 15:29:31.737542','7-ELEVEN','1+1','커피타운모카 250ML'),(2600,'2025-09-18 15:29:32.195158',255,'2025-09-18 15:29:32.195171','7-ELEVEN','1+1','커피타운바닐라 250ML'),(2600,'2025-09-18 15:29:32.983173',256,'2025-09-18 15:29:32.983186','7-ELEVEN','1+1','커피타운헤이즐넛 250ML'),(1700,'2025-09-18 15:29:33.474356',257,'2025-09-18 15:29:33.474366','7-ELEVEN','1+1','설빙마시는초코브라우니 190ML'),(3200,'2025-09-18 15:29:34.117586',258,'2025-09-18 15:29:34.117598','7-ELEVEN','2+1','흔들어먹는젤리소다포도 280ML'),(1500,'2025-09-18 15:29:34.574588',259,'2025-09-18 15:29:34.574601','7-ELEVEN','1+1','검은콩두유 190ML'),(1500,'2025-09-18 15:29:35.343905',260,'2025-09-18 15:29:35.343969','7-ELEVEN','1+1','고칼슘두유 190ML'),(1500,'2025-09-18 15:29:35.980798',261,'2025-09-18 15:29:35.980811','7-ELEVEN','1+1','호두아몬드두유 190ML'),(1800,'2025-09-18 15:29:36.650837',262,'2025-09-18 15:29:36.650851','7-ELEVEN','1+1','노슈가애플사이다제로 355ML'),(1800,'2025-09-18 15:29:37.387318',263,'2025-09-18 15:29:37.387332','7-ELEVEN','1+1','노슈가체리콕제로 355ML'),(1500,'2025-09-18 15:29:37.922104',264,'2025-09-18 15:29:37.922158','7-ELEVEN','1+1','검은콩고칼슘두유 190ML'),(2500,'2025-09-18 15:29:38.668341',265,'2025-09-18 15:29:38.668350','7-ELEVEN','1+1','블루베리요거트 300ML'),(2500,'2025-09-18 15:29:39.194307',266,'2025-09-18 15:29:39.194316','7-ELEVEN','1+1','스트로베리요거트 300ML'),(1500,'2025-09-18 15:29:39.773335',267,'2025-09-18 15:29:39.773346','7-ELEVEN','1+1','아몬드잣고소한두유 190ML'),(1000,'2025-09-18 15:29:42.512709',268,'2025-09-18 15:29:42.512719','7-ELEVEN','2+1','제주용암수 530ML'),(2000,'2025-09-18 15:29:43.026101',269,'2025-09-18 15:29:43.026112','7-ELEVEN','1+1','카스레몬제로 330ML'),(2000,'2025-09-18 15:29:43.440196',270,'2025-09-18 15:29:43.440205','7-ELEVEN','1+1','카스제로 355ML'),(1500,'2025-09-18 15:29:44.118609',271,'2025-09-18 15:29:44.118619','7-ELEVEN','2+1','나랑드사이다(파인) 245ML'),(2000,'2025-09-18 15:29:44.818584',272,'2025-09-18 15:29:44.818593','7-ELEVEN','1+1','나랑드사이다(파인) 500ML'),(1500,'2025-09-18 15:29:45.300062',273,'2025-09-18 15:29:45.300072','7-ELEVEN','2+1','나랑드사이다 245ML'),(1800,'2025-09-18 15:29:45.771503',274,'2025-09-18 15:29:45.771512','7-ELEVEN','2+1','나랑드사이다 345ML'),(2000,'2025-09-18 15:29:46.421212',275,'2025-09-18 15:29:46.421222','7-ELEVEN','1+1','나랑드사이다 500ML'),(1500,'2025-09-18 15:29:46.908657',276,'2025-09-18 15:29:46.908666','7-ELEVEN','2+1','나랑드사이다그린애플 245ML'),(2000,'2025-09-18 15:29:47.460579',277,'2025-09-18 15:29:47.460589','7-ELEVEN','1+1','나랑드사이다그린애플 500ML'),(1900,'2025-09-18 15:29:47.931152',278,'2025-09-18 15:29:47.931161','7-ELEVEN','2+1','데미소다레드애플 350ML'),(1700,'2025-09-18 15:29:48.365642',279,'2025-09-18 15:29:48.365652','7-ELEVEN','2+1','데미소다애플 250ML'),(1700,'2025-09-18 15:29:49.127876',280,'2025-09-18 15:29:49.127885','7-ELEVEN','2+1','데미소다피치 250ML'),(1500,'2025-09-18 15:29:49.835103',281,'2025-09-18 15:29:49.835114','7-ELEVEN','2+1','오로나민C 120ML'),(2200,'2025-09-18 15:29:50.596027',282,'2025-09-18 15:29:50.596036','7-ELEVEN','1+1','광명찾은결명자차 500ML'),(2500,'2025-09-18 15:29:51.060713',283,'2025-09-18 15:29:51.060722','7-ELEVEN','1+1','레몬셔벗에이드제로 500ML'),(1800,'2025-09-18 15:29:51.596785',284,'2025-09-18 15:29:51.596794','7-ELEVEN','1+1','빅토리아레몬 500ML'),(1800,'2025-09-18 15:29:52.108008',285,'2025-09-18 15:29:52.108017','7-ELEVEN','1+1','빅토리아청포도 500ML'),(2500,'2025-09-18 15:29:52.749058',286,'2025-09-18 15:29:52.749067','7-ELEVEN','1+1','애플셔벗에이드제로 500ML'),(2200,'2025-09-18 15:29:53.289020',287,'2025-09-18 15:29:53.289030','7-ELEVEN','1+1','오곡누룽지 500ML'),(2500,'2025-09-18 15:29:56.147482',288,'2025-09-18 15:29:56.147492','7-ELEVEN','1+1','유기농하늘보리 500ML'),(2500,'2025-09-18 15:29:56.684377',289,'2025-09-18 15:29:56.684385','7-ELEVEN','1+1','자연은더말린복숭아 500ML'),(2500,'2025-09-18 15:29:57.370045',290,'2025-09-18 15:29:57.370053','7-ELEVEN','1+1','자연은더말린자몽 500ML'),(2350,'2025-09-18 15:29:58.006079',291,'2025-09-18 15:29:58.006087','7-ELEVEN','2+1','자연은샤인머스켓 500ML'),(2350,'2025-09-18 15:29:58.731548',292,'2025-09-18 15:29:58.731557','7-ELEVEN','2+1','자연은알로에 500ML'),(2500,'2025-09-18 15:29:59.474050',293,'2025-09-18 15:29:59.474059','7-ELEVEN','1+1','카무트현미차 500ML'),(2500,'2025-09-18 15:29:59.988815',294,'2025-09-18 15:29:59.988823','7-ELEVEN','2+1','티즐제로유자그린티 500ML'),(2500,'2025-09-18 15:30:00.679234',295,'2025-09-18 15:30:00.679243','7-ELEVEN','2+1','티즐제로자몽블랙티 500ML'),(2500,'2025-09-18 15:30:01.669773',296,'2025-09-18 15:30:01.669783','7-ELEVEN','2+1','티즐제로피치우롱티 500ML'),(2500,'2025-09-18 15:30:02.606479',297,'2025-09-18 15:30:02.606490','7-ELEVEN','2+1','하늘보리 1L'),(2200,'2025-09-18 15:35:38.571226',298,'2025-09-18 15:35:38.571253','7-ELEVEN','2+1','유니프그린베지주스 200ML'),(2200,'2025-09-18 15:35:39.277847',299,'2025-09-18 15:35:39.277873','7-ELEVEN','2+1','유니프믹스베리주스 200ML'),(2900,'2025-09-18 15:35:39.885499',300,'2025-09-18 15:35:39.885524','7-ELEVEN','2+1','유얼거트블루베리요거트 190ML'),(2500,'2025-09-18 15:35:40.332366',301,'2025-09-18 15:35:40.332391','7-ELEVEN','1+1','새싹보리블랙 500ML'),(2500,'2025-09-18 15:35:41.017357',302,'2025-09-18 15:35:41.017382','7-ELEVEN','1+1','티로그복숭아아이스티500'),(2500,'2025-09-18 15:35:41.637467',303,'2025-09-18 15:35:41.637492','7-ELEVEN','1+1','티로그자두아이스티 500ML'),(2500,'2025-09-18 15:35:42.207457',304,'2025-09-18 15:35:42.207483','7-ELEVEN','1+1','티로그청귤아이스티 500ML'),(2500,'2025-09-18 15:35:42.598288',305,'2025-09-18 15:35:42.598313','7-ELEVEN','1+1','티로그청포도아이스티 500ML'),(3200,'2025-09-18 15:35:43.198016',306,'2025-09-18 15:35:43.198041','7-ELEVEN','2+1','돌체콜드브루 300ML'),(3200,'2025-09-18 15:35:46.525741',307,'2025-09-18 15:35:46.525775','7-ELEVEN','2+1','토피넛라떼 300ML'),(2700,'2025-09-18 15:35:47.261281',308,'2025-09-18 15:35:47.261304','7-ELEVEN','2+1','트리플바닐라라떼 500ML'),(2700,'2025-09-18 15:35:47.915361',309,'2025-09-18 15:35:47.915388','7-ELEVEN','2+1','트리플아메리카노 500ML'),(2900,'2025-09-18 15:35:48.678054',310,'2025-09-18 15:35:48.678078','7-ELEVEN','2+1','하이뮨액티브더블샷커피제로 250ML'),(2900,'2025-09-18 15:35:49.226998',311,'2025-09-18 15:35:49.227026','7-ELEVEN','2+1','하이뮨액티브딥초코제로 250ML'),(2900,'2025-09-18 15:35:49.978801',312,'2025-09-18 15:35:49.978827','7-ELEVEN','2+1','하이뮨액티브밀크쉐이크제로 250ML'),(2900,'2025-09-18 15:35:50.499348',313,'2025-09-18 15:35:50.499373','7-ELEVEN','2+1','하이뮨액티브바나나 250ML'),(2000,'2025-09-18 15:35:50.956915',314,'2025-09-18 15:35:50.956956','7-ELEVEN','2+1','맥콜 500ML'),(1500,'2025-09-18 15:35:51.585526',315,'2025-09-18 15:35:51.585552','7-ELEVEN','2+1','맥콜제로 250ML'),(1300,'2025-09-18 15:35:52.231875',316,'2025-09-18 15:35:52.231901','7-ELEVEN','1+1','부르르제로사이다 250ML'),(1600,'2025-09-18 15:35:52.941977',317,'2025-09-18 15:35:52.942002','7-ELEVEN','1+1','고단백검은콩두유 190ML'),(1600,'2025-09-18 15:35:53.612407',318,'2025-09-18 15:35:53.612464','7-ELEVEN','1+1','고단백두유초코 190ML'),(1800,'2025-09-18 15:35:54.129487',319,'2025-09-18 15:35:54.129512','7-ELEVEN','2+1','베지밀B 190ML'),(2000,'2025-09-18 15:35:54.809496',320,'2025-09-18 15:35:54.809524','7-ELEVEN','2+1','베지밀B검은콩 190ML'),(1600,'2025-09-18 15:35:55.281621',321,'2025-09-18 15:35:55.281646','7-ELEVEN','1+1','베지밀고단백두유 190ML'),(2000,'2025-09-18 15:35:55.815671',322,'2025-09-18 15:35:55.815696','7-ELEVEN','2+1','베지밀아몬드호두 190ML'),(6000,'2025-09-18 15:35:56.476081',323,'2025-09-18 15:35:56.476108','7-ELEVEN','2+1','깨노니땡큐샷 30ML'),(3500,'2025-09-18 15:35:57.099759',324,'2025-09-18 15:35:57.099786','7-ELEVEN','1+1','다이어트코치초코 280ML'),(3500,'2025-09-18 15:35:57.636924',325,'2025-09-18 15:35:57.636949','7-ELEVEN','1+1','다이어트코치커피 280ML'),(2200,'2025-09-18 15:36:00.278313',326,'2025-09-18 15:36:00.278339','7-ELEVEN','1+1','락토핏마시는유산균사과 130ML'),(2200,'2025-09-18 15:36:00.786234',327,'2025-09-18 15:36:00.786261','7-ELEVEN','1+1','락토핏마시는유산균저당 130ML'),(1700,'2025-09-18 15:36:01.633290',328,'2025-09-18 15:36:01.633316','7-ELEVEN','2+1','모구모구(딸기) 320ML'),(1700,'2025-09-18 15:36:02.660850',329,'2025-09-18 15:36:02.660875','7-ELEVEN','2+1','모구모구(리치) 320ML'),(1700,'2025-09-18 15:36:03.435352',330,'2025-09-18 15:36:03.435379','7-ELEVEN','2+1','모구모구(망고) 320ML'),(1700,'2025-09-18 15:36:04.103367',331,'2025-09-18 15:36:04.103393','7-ELEVEN','2+1','모구모구(복숭아) 320ML'),(1700,'2025-09-18 15:36:04.807839',332,'2025-09-18 15:36:04.807865','7-ELEVEN','2+1','모구모구(요구르트) 320ML'),(2500,'2025-09-18 15:36:05.338556',333,'2025-09-18 15:36:05.338583','7-ELEVEN','2+1','크로도레몬소다모히토 330ML'),(1200,'2025-09-18 15:36:05.940722',334,'2025-09-18 15:36:05.940753','7-ELEVEN','1+1','2%부족할때복숭아 240ML'),(1800,'2025-09-18 15:36:06.696711',335,'2025-09-18 15:36:06.696737','7-ELEVEN','1+1','2%부족할때복숭아 500ML'),(1800,'2025-09-18 15:36:07.431742',336,'2025-09-18 15:36:07.431769','7-ELEVEN','1+1','2%아쿠아제로 500ML'),(1200,'2025-09-18 15:36:08.108165',337,'2025-09-18 15:36:08.108190','7-ELEVEN','1+1','게토레이레몬 240ML'),(2200,'2025-09-18 15:36:08.800878',338,'2025-09-18 15:36:08.800905','7-ELEVEN','2+1','게토레이레몬 600ML'),(2200,'2025-09-18 15:36:09.364140',339,'2025-09-18 15:36:09.364165','7-ELEVEN','2+1','게토레이블루볼트 600ML'),(2200,'2025-09-18 15:36:09.881613',340,'2025-09-18 15:36:09.881641','7-ELEVEN','2+1','게토레이제로 600ML'),(900,'2025-09-18 15:36:10.647467',341,'2025-09-18 15:36:10.647492','7-ELEVEN','2+1','델몬트망고제로 200ML'),(900,'2025-09-18 15:36:11.136738',342,'2025-09-18 15:36:11.136765','7-ELEVEN','2+1','델몬트사과제로 200ML'),(2200,'2025-09-18 15:36:11.821682',343,'2025-09-18 15:36:11.821706','7-ELEVEN','2+1','레쓰비그란데라떼 500ML'),(2200,'2025-09-18 15:36:12.485775',344,'2025-09-18 15:36:12.485802','7-ELEVEN','2+1','레쓰비그란데헤이즐넛 500ML'),(1700,'2025-09-18 15:36:13.098752',345,'2025-09-18 15:36:13.098794','7-ELEVEN','2+1','립톤아이스티 500ML'),(1700,'2025-09-18 15:36:15.245896',346,'2025-09-18 15:36:15.245919','7-ELEVEN','2+1','마운틴듀 355ML'),(1700,'2025-09-18 15:36:15.989667',347,'2025-09-18 15:36:15.989691','7-ELEVEN','2+1','마운틴듀제로 355ML'),(1700,'2025-09-18 15:36:16.511626',348,'2025-09-18 15:36:16.511656','7-ELEVEN','1+1','밀키스 340ML'),(2200,'2025-09-18 15:36:17.205716',349,'2025-09-18 15:36:17.205742','7-ELEVEN','2+1','밀키스 500ML'),(1500,'2025-09-18 15:36:17.740616',350,'2025-09-18 15:36:17.740642','7-ELEVEN','2+1','밀키스제로 250ML'),(2200,'2025-09-18 15:36:18.353947',351,'2025-09-18 15:36:18.353973','7-ELEVEN','2+1','밀키스포도 500ML'),(1500,'2025-09-18 15:36:18.759228',352,'2025-09-18 15:36:18.759254','7-ELEVEN','2+1',' 밀키스 250ML'),(2000,'2025-09-18 15:36:19.300287',353,'2025-09-18 15:36:19.300314','7-ELEVEN','2+1','솔의눈 500ML'),(2000,'2025-09-18 15:36:19.938753',354,'2025-09-18 15:36:19.938777','7-ELEVEN','2+1','솔의눈제로 500ML'),(1950,'2025-09-18 15:36:20.463258',355,'2025-09-18 15:36:20.463286','7-ELEVEN','2+1','아이시스2L'),(1100,'2025-09-18 15:36:21.079356',356,'2025-09-18 15:36:21.079385','7-ELEVEN','2+1','아이시스 500ML'),(1500,'2025-09-18 15:36:21.779402',357,'2025-09-18 15:36:21.779454','7-ELEVEN','2+1','오가닉레드비트&토마토주스'),(1500,'2025-09-18 15:36:22.503337',358,'2025-09-18 15:36:22.503363','7-ELEVEN','2+1','오가닉사과&당근주스 125ML'),(1500,'2025-09-18 15:36:23.088057',359,'2025-09-18 15:36:23.088084','7-ELEVEN','2+1','오가닉적포도&보라당근125m'),(2900,'2025-09-18 15:36:23.660758',360,'2025-09-18 15:36:23.660784','7-ELEVEN','2+1','오트몬드프로틴초코 250ML'),(2900,'2025-09-18 15:36:24.362742',361,'2025-09-18 15:36:24.362766','7-ELEVEN','2+1','오트몬드프로틴쿠키앤크림 250ML'),(1600,'2025-09-18 15:36:25.932824',362,'2025-09-18 15:36:25.932882','7-ELEVEN','2+1','우엉차 500ML'),(1400,'2025-09-18 15:36:26.385235',363,'2025-09-18 15:36:26.385268','7-ELEVEN','2+1','잔치집식혜 340ML'),(2000,'2025-09-18 15:36:27.023710',364,'2025-09-18 15:36:27.023736','7-ELEVEN','1+1','칠성사이다 355ML'),(3900,'2025-09-18 15:36:29.107094',365,'2025-09-18 15:36:29.107120','7-ELEVEN','1+1','칠성사이다제로1.5L'),(2000,'2025-09-18 15:36:29.611664',366,'2025-09-18 15:36:29.611687','7-ELEVEN','1+1','칠성사이다제로 355ML'),(2300,'2025-09-18 15:36:30.228153',367,'2025-09-18 15:36:30.228179','7-ELEVEN','1+1','칠성사이다제로 500ML'),(2300,'2025-09-18 15:36:30.783953',368,'2025-09-18 15:36:30.783976','7-ELEVEN','1+1','칠성사이다제로오렌지 500ML'),(1500,'2025-09-18 15:36:31.255826',369,'2025-09-18 15:36:31.255851','7-ELEVEN','2+1','칸타타딥블랙 200ML'),(1500,'2025-09-18 15:36:31.898110',370,'2025-09-18 15:36:31.898150','7-ELEVEN','2+1','칸타타아메리카노 200ML'),(2500,'2025-09-18 15:36:32.393361',371,'2025-09-18 15:36:32.393386','7-ELEVEN','2+1','칸타타아메리카노 275ML'),(2500,'2025-09-18 15:36:32.855220',372,'2025-09-18 15:36:32.855246','7-ELEVEN','2+1','칸타타카라멜마키아토 275ML'),(2700,'2025-09-18 15:36:33.357687',373,'2025-09-18 15:36:33.357710','7-ELEVEN','2+1','칸타타콘트라베이스디카페'),(2700,'2025-09-18 15:36:34.092727',374,'2025-09-18 15:36:34.092751','7-ELEVEN','2+1','칸타타콘트라베이스라떼500'),(2700,'2025-09-18 15:36:34.860958',375,'2025-09-18 15:36:34.861013','7-ELEVEN','2+1','칸타타콘트라베이스블랙500'),(2700,'2025-09-18 15:36:35.324795',376,'2025-09-18 15:36:35.324819','7-ELEVEN','2+1','칸타타콘트라베이스스위트'),(2500,'2025-09-18 15:36:35.847690',377,'2025-09-18 15:36:35.847713','7-ELEVEN','2+1','칸타타콜드브루블랙 275ML'),(1500,'2025-09-18 15:36:36.637140',378,'2025-09-18 15:36:36.637166','7-ELEVEN','2+1','칸타타프리미엄라떼200'),(2500,'2025-09-18 15:36:37.076251',379,'2025-09-18 15:36:37.076274','7-ELEVEN','2+1','칸타타프리미엄라떼275'),(2500,'2025-09-18 15:36:37.740548',380,'2025-09-18 15:36:37.740572','7-ELEVEN','2+1','칸타타흑당라떼 275ML'),(2700,'2025-09-18 15:36:38.356272',381,'2025-09-18 15:36:38.356298','7-ELEVEN','2+1','콘트라베이스블랙&샷 500ML'),(2700,'2025-09-18 15:36:38.868249',382,'2025-09-18 15:36:38.868274','7-ELEVEN','2+1','콘트라베이스스윗아몬드500'),(1500,'2025-09-18 15:36:39.519826',383,'2025-09-18 15:36:39.519849','7-ELEVEN','1+1','탐스제로파인애플 355ML'),(1500,'2025-09-18 15:36:40.171196',384,'2025-09-18 15:36:40.171294','7-ELEVEN','1+1','탐스쥬시오렌지 355ML'),(1500,'2025-09-18 15:36:42.087228',385,'2025-09-18 15:36:42.087249','7-ELEVEN','1+1','탐스쥬시포도 355ML'),(2000,'2025-09-18 15:36:42.816026',386,'2025-09-18 15:36:42.816049','7-ELEVEN','1+1','펩시라임제로카페인 355ML'),(2300,'2025-09-18 15:36:43.591954',387,'2025-09-18 15:36:43.591978','7-ELEVEN','1+1','펩시라임제로카페인 500ML'),(2000,'2025-09-18 15:36:44.059893',388,'2025-09-18 15:36:44.059916','7-ELEVEN','1+1','펩시콜라 355ML'),(2300,'2025-09-18 15:36:44.498578',389,'2025-09-18 15:36:44.498601','7-ELEVEN','1+1','펩시콜라 600ML'),(3900,'2025-09-18 15:36:44.972841',390,'2025-09-18 15:36:44.972863','7-ELEVEN','1+1','펩시콜라제로1.5L'),(2000,'2025-09-18 15:36:45.470526',391,'2025-09-18 15:36:45.470549','7-ELEVEN','1+1','펩시콜라제로 355ML'),(2300,'2025-09-18 15:36:46.159082',392,'2025-09-18 15:36:46.159104','7-ELEVEN','1+1','펩시콜라제로 500ML'),(2300,'2025-09-18 15:36:46.875957',393,'2025-09-18 15:36:46.875979','7-ELEVEN','1+1','펩시콜라제로모히토 500ML'),(1600,'2025-09-18 15:36:47.570140',394,'2025-09-18 15:36:47.570162','7-ELEVEN','2+1','핫식스 250ML'),(2300,'2025-09-18 15:36:48.321331',395,'2025-09-18 15:36:48.321373','7-ELEVEN','1+1','핫식스더킹러쉬 355ML'),(2300,'2025-09-18 15:36:48.905067',396,'2025-09-18 15:36:48.905105','7-ELEVEN','1+1','핫식스더킹애플홀릭 355ML'),(2300,'2025-09-18 15:36:49.621643',397,'2025-09-18 15:36:49.621665','7-ELEVEN','1+1','핫식스더킹제로 355ML'),(2300,'2025-09-18 15:36:50.245706',398,'2025-09-18 15:36:50.245728','7-ELEVEN','1+1','핫식스더킹파워 355ML'),(2300,'2025-09-18 15:36:50.868810',399,'2025-09-18 15:36:50.868832','7-ELEVEN','1+1','핫식스더킹퍼플 355ML'),(2300,'2025-09-18 15:36:51.578517',400,'2025-09-18 15:36:51.578542','7-ELEVEN','1+1','핫식스더킹포스 355ML'),(2300,'2025-09-18 15:36:52.196860',401,'2025-09-18 15:36:52.196881','7-ELEVEN','1+1','핫식스더킹피치 355ML'),(2700,'2025-09-18 15:36:52.765305',402,'2025-09-18 15:36:52.765328','7-ELEVEN','1+1','핫식스더프로애플망고 355ML'),(2700,'2025-09-18 15:36:53.437689',403,'2025-09-18 15:36:53.437710','7-ELEVEN','1+1','핫식스더프로파인애플 355ML'),(1600,'2025-09-18 15:36:54.129662',404,'2025-09-18 15:36:54.129683','7-ELEVEN','2+1','핫식스제로 250ML'),(2100,'2025-09-18 15:36:56.585693',405,'2025-09-18 15:36:56.585715','7-ELEVEN','1+1','코카콜라제로 355ML'),(2100,'2025-09-18 15:36:57.355961',406,'2025-09-18 15:36:57.355983','7-ELEVEN','1+1','코카콜라제로레몬 355ML'),(2400,'2025-09-18 15:36:57.799198',407,'2025-09-18 15:36:57.799219','7-ELEVEN','1+1','코카콜라제로제로 500ML'),(2400,'2025-09-18 15:36:58.363414',408,'2025-09-18 15:36:58.363485','7-ELEVEN','1+1','파워에이드스칼렛스톰 600ML'),(2400,'2025-09-18 15:36:59.129163',409,'2025-09-18 15:36:59.129183','7-ELEVEN','2+1','파워에이드제로 600ML'),(2400,'2025-09-18 15:36:59.586914',410,'2025-09-18 15:36:59.586935','7-ELEVEN','1+1','파워에이드제로라임 600ML'),(5000,'2025-09-18 15:37:00.374097',411,'2025-09-18 15:37:00.374120','7-ELEVEN','2+1','상쾌환부스터 100ML'),(5000,'2025-09-18 15:37:00.829276',412,'2025-09-18 15:37:00.829298','7-ELEVEN','1+1','상쾌환부스터제로 100ML'),(2500,'2025-09-18 15:37:01.717034',413,'2025-09-18 15:37:01.717058','7-ELEVEN','2+1','애사비소다(체리) 500ML'),(2500,'2025-09-18 15:37:02.419627',414,'2025-09-18 15:37:02.419649','7-ELEVEN','2+1','애사비소다 500ML'),(2500,'2025-09-18 15:37:02.976673',415,'2025-09-18 15:37:02.976695','7-ELEVEN','2+1','제로소다포도 500ML'),(2500,'2025-09-18 15:37:03.402938',416,'2025-09-18 15:37:03.402959','7-ELEVEN','2+1','제로소다피치 500ML'),(2200,'2025-09-18 15:37:04.048281',417,'2025-09-18 15:37:04.048302','7-ELEVEN','2+1','봄날의그린티 500ML'),(2200,'2025-09-18 15:37:04.472919',418,'2025-09-18 15:37:04.472943','7-ELEVEN','2+1','붉은빛의우롱티 500ML'),(7500,'2025-09-18 15:37:05.026016',419,'2025-09-18 15:37:05.026058','7-ELEVEN','1+1','애플사이다비니거10T'),(3000,'2025-09-18 15:37:05.495495',420,'2025-09-18 15:37:05.495517','7-ELEVEN','1+1','젠하이볼0. 0355ML'),(3000,'2025-09-18 15:37:06.157812',421,'2025-09-18 15:37:06.157833','7-ELEVEN','1+1','젠하이볼레몬0. 0355ML'),(7500,'2025-09-18 15:37:06.562790',422,'2025-09-18 15:37:06.562839','7-ELEVEN','1+1','콤부차10입'),(7500,'2025-09-18 15:37:07.105295',423,'2025-09-18 15:37:07.105331','7-ELEVEN','1+1','콤부차샤인머스켓10입'),(2000,'2025-09-18 15:37:07.865792',424,'2025-09-18 15:37:07.865813','7-ELEVEN','1+1','콤부차콜라겐젤리20g(피치)'),(7500,'2025-09-18 15:37:09.673646',425,'2025-09-18 15:37:09.673667','7-ELEVEN','1+1','콤부차파인애플10T'),(1800,'2025-09-18 15:37:10.260967',426,'2025-09-18 15:37:10.260988','7-ELEVEN','1+1','아임리얼100레몬 140ML'),(1800,'2025-09-18 15:37:10.915955',427,'2025-09-18 15:37:10.915976','7-ELEVEN','1+1','아임리얼100사과 140ML'),(2500,'2025-09-18 15:37:11.466218',428,'2025-09-18 15:37:11.466240','7-ELEVEN','1+1','하루귀리 500ML'),(1600,'2025-09-18 15:37:12.256117',429,'2025-09-18 15:37:12.256140','7-ELEVEN','1+1','캐치티니핑워터젤리복숭아맛 110ML'),(1600,'2025-09-18 15:37:12.960345',430,'2025-09-18 15:37:12.960367','7-ELEVEN','1+1','캐치티니핑홍삼포도맛 100ML'),(2900,'2025-09-18 15:37:13.351478',431,'2025-09-18 15:37:13.351499','7-ELEVEN','2+1','오늘단백돌체라떼 250ML'),(2900,'2025-09-18 15:37:13.786486',432,'2025-09-18 15:37:13.786506','7-ELEVEN','2+1','오늘단백초코라떼 250ML'),(2900,'2025-09-18 15:37:14.510085',433,'2025-09-18 15:37:14.510105','7-ELEVEN','2+1','오늘단백카라멜라떼 250ML'),(4900,'2025-09-18 15:37:15.075339',434,'2025-09-18 15:37:15.075358','7-ELEVEN','1+1','하이네켄넌알콜릭 500ML'),(2200,'2025-09-18 15:37:15.621718',435,'2025-09-18 15:37:15.621738','7-ELEVEN','2+1','블랙보리 520ML'),(2200,'2025-09-18 15:37:16.410284',436,'2025-09-18 15:37:16.410304','7-ELEVEN','1+1','블랙보리누룽지 520ML'),(2200,'2025-09-18 15:37:17.149279',437,'2025-09-18 15:37:17.149324','7-ELEVEN','2+1','블랙보리라이트 520ML'),(2600,'2025-09-18 15:37:17.804877',438,'2025-09-18 15:37:17.804897','7-ELEVEN','2+1','토닉워터 600ML'),(1700,'2025-09-18 15:37:18.593154',439,'2025-09-18 15:37:18.593174','7-ELEVEN','2+1','토닉워터제로 300ML'),(2000,'2025-09-18 15:37:19.381355',440,'2025-09-18 15:37:19.381378','7-ELEVEN','1+1','하이트제로 350ML'),(2800,'2025-09-18 15:37:19.797772',441,'2025-09-18 15:37:19.797793','7-ELEVEN','1+1','하이트제로 500ML'),(800,'2025-09-18 15:37:20.252984',442,'2025-09-18 15:37:20.253003','7-ELEVEN','1+1','몽베스트생수 330ML'),(1100,'2025-09-18 15:37:20.678454',443,'2025-09-18 15:37:20.678478','7-ELEVEN','1+1','몽베스트생수 500ML'),(1700,'2025-09-18 15:37:21.273066',444,'2025-09-18 15:37:21.273088','7-ELEVEN','2+1','미에로화이바 210ML'),(1900,'2025-09-18 15:37:23.322897',445,'2025-09-18 15:37:23.322918','7-ELEVEN','1+1','에너린 250ML'),(2300,'2025-09-18 15:37:24.100992',446,'2025-09-18 15:37:24.101012','7-ELEVEN','1+1','홍삼볼 240ML'),(5000,'2025-09-18 15:37:24.732529',447,'2025-09-18 15:37:24.732562','7-ELEVEN','1+1','슬간생 100ML'),(2500,'2025-09-18 15:37:25.363896',448,'2025-09-18 15:37:25.363911','7-ELEVEN','2+1','엘막레몬주스 200ML');
/*!40000 ALTER TABLE `product` ENABLE KEYS */;
UNLOCK TABLES;

--
-- Table structure for table `product_allergy`
--

DROP TABLE IF EXISTS `product_allergy`;
/*!40101 SET @saved_cs_client     = @@character_set_client */;
/*!50503 SET character_set_client = utf8mb4 */;
CREATE TABLE `product_allergy` (
  `id` bigint NOT NULL AUTO_INCREMENT,
  `allergy_id` bigint NOT NULL,
  `product_id` bigint NOT NULL,
  PRIMARY KEY (`id`),
  KEY `FK9xh8oveh5fp7dyu7yrbans6iw` (`allergy_id`),
  KEY `FK80i4woy4lmksuknjlcrv6s7ah` (`product_id`),
  CONSTRAINT `FK80i4woy4lmksuknjlcrv6s7ah` FOREIGN KEY (`product_id`) REFERENCES `product` (`id`),
  CONSTRAINT `FK9xh8oveh5fp7dyu7yrbans6iw` FOREIGN KEY (`allergy_id`) REFERENCES `allergy_list` (`id`)
) ENGINE=InnoDB AUTO_INCREMENT=6 DEFAULT CHARSET=utf8mb4 COLLATE=utf8mb4_unicode_ci;
/*!40101 SET character_set_client = @saved_cs_client */;

--
-- Dumping data for table `product_allergy`
--

LOCK TABLES `product_allergy` WRITE;
/*!40000 ALTER TABLE `product_allergy` DISABLE KEYS */;
INSERT INTO `product_allergy` VALUES (1,15,7),(2,2,5),(3,2,2),(4,11,1),(5,16,6);
/*!40000 ALTER TABLE `product_allergy` ENABLE KEYS */;
UNLOCK TABLES;

--
-- Table structure for table `user`
--

DROP TABLE IF EXISTS `user`;
/*!40101 SET @saved_cs_client     = @@character_set_client */;
/*!50503 SET character_set_client = utf8mb4 */;
CREATE TABLE `user` (
  `id` int NOT NULL AUTO_INCREMENT,
  `created_at` datetime(6) NOT NULL,
  `name` varchar(50) COLLATE utf8mb4_unicode_ci NOT NULL,
  `email` varchar(255) COLLATE utf8mb4_unicode_ci NOT NULL,
  PRIMARY KEY (`id`),
  UNIQUE KEY `UKob8kqyqqgmefl0aco34akdtpe` (`email`)
) ENGINE=InnoDB AUTO_INCREMENT=9 DEFAULT CHARSET=utf8mb4 COLLATE=utf8mb4_unicode_ci;
/*!40101 SET character_set_client = @saved_cs_client */;

--
-- Dumping data for table `user`
--

LOCK TABLES `user` WRITE;
/*!40000 ALTER TABLE `user` DISABLE KEYS */;
INSERT INTO `user` VALUES (1,'2025-09-15 15:53:03.206738','김명주','ttangju02@gmail.com'),(2,'2025-09-16 16:18:02.182386','염아연','ayeon200@gmail.com'),(3,'2025-09-17 10:29:49.477522','서연희','rhrl3535@gmail.com'),(4,'2025-09-18 15:58:41.869961','hyojeong Je','a23782089@gmail.com'),(5,'2025-09-19 16:38:04.575154','이상욱','lsw0152@gmail.com'),(6,'2025-09-19 22:21:40.525722','이상욱','1617290@donga.ac.kr'),(7,'2025-09-24 23:20:50.293804','이원준[부울경_1반_E104]팀원','evenil0206@gmail.com'),(8,'2025-09-25 15:30:12.750664','Teresa Carroll','teresacarroll.72603@gmail.com');
/*!40000 ALTER TABLE `user` ENABLE KEYS */;
UNLOCK TABLES;

--
-- Table structure for table `users`
--

DROP TABLE IF EXISTS `users`;
/*!40101 SET @saved_cs_client     = @@character_set_client */;
/*!50503 SET character_set_client = utf8mb4 */;
CREATE TABLE `users` (
  `id` int NOT NULL AUTO_INCREMENT,
  `created_at` datetime(6) NOT NULL,
  `email` varchar(255) COLLATE utf8mb4_unicode_ci NOT NULL,
  `name` varchar(50) COLLATE utf8mb4_unicode_ci NOT NULL,
  PRIMARY KEY (`id`),
  UNIQUE KEY `UK6dotkott2kjsp8vw4d0m25fb7` (`email`)
) ENGINE=InnoDB AUTO_INCREMENT=2 DEFAULT CHARSET=utf8mb4 COLLATE=utf8mb4_unicode_ci;
/*!40101 SET character_set_client = @saved_cs_client */;

--
-- Dumping data for table `users`
--

LOCK TABLES `users` WRITE;
/*!40000 ALTER TABLE `users` DISABLE KEYS */;
INSERT INTO `users` VALUES (1,'2025-09-23 16:37:40.010889','lsw0152@gmail.com','이상욱');
/*!40000 ALTER TABLE `users` ENABLE KEYS */;
UNLOCK TABLES;

--
-- Dumping routines for database 'lookey'
--
/*!40103 SET TIME_ZONE=@OLD_TIME_ZONE */;

/*!40101 SET SQL_MODE=@OLD_SQL_MODE */;
/*!40014 SET FOREIGN_KEY_CHECKS=@OLD_FOREIGN_KEY_CHECKS */;
/*!40014 SET UNIQUE_CHECKS=@OLD_UNIQUE_CHECKS */;
/*!40101 SET CHARACTER_SET_CLIENT=@OLD_CHARACTER_SET_CLIENT */;
/*!40101 SET CHARACTER_SET_RESULTS=@OLD_CHARACTER_SET_RESULTS */;
/*!40101 SET COLLATION_CONNECTION=@OLD_COLLATION_CONNECTION */;
/*!40111 SET SQL_NOTES=@OLD_SQL_NOTES */;

-- Dump completed on 2025-09-26  0:26:00
